{"step": 0, "rhythm_power": {"delta": 0.02513009544333748, "theta": 0.06026144442234618, "alpha": 0.07519994013858255, "beta": 0.09947595486594192, "gamma": 0.1445261022305146}, "dendritic_stats": {"total_spines": 27286, "avg_spine_size": 1.067033040330066, "avg_segment_diameter": 0.5197805074282404, "total_segments": 2590}, "neuromodulation": {"dopamine": 1.0, "serotonin": 1.0, "acetylcholine": 1.0, "norepinephrine": 1.0}}